Name,Return over 1year,Market Capitalization,Return on equity,Return on equity preceding year,Average return on equity 3Years,Average return on equity 5Years,Average return on equity 7Years,Average return on equity 10Years,Price to Earning,Historical PE 3Years,Historical PE 5Years,Historical PE 7Years,Historical PE 10Years,Sales growth 3Years,Sales growth 5Years,Sales growth 7Years,Sales growth 10Years,EPS growth 3Years,EPS growth 5Years,EPS growth 7Years,EPS growth 10Years,PEG Ratio,G Factor,Price to book value,Price to Sales,Piotroski score,NPM last year,NPM preceding year,Dividend yield,Dividend Payout Ratio,Promoter holding,Public holding,Pledged percentage,Altman Z Score,Quick ratio,Debt to equity,Interest Coverage Ratio,PE Expanding,Book Value Expanding,Reducing Debt,Increasing Margin,Valuation,B Model,Growth,Financial Health ,Ownership,Score
Balkrishna Inds,11.85,56207.94,17.55,13.79,17.58,18.11,18.07,18.4,34.5,34.02,32,31.14,28.53,17.45,12.45,14.09,9.54,7.38,13.87,12.2,11.74,2.49,2,5.98,5.57,7,15.37,10.24,0.55,21.02,58.29,6.52,0,8.65,0.93,0.33,17.55,Y,Y,N,Y,0,0,0,0,1,1
MRF,13.46,52046.76,12.55,4.87,7.36,8.68,9.33,12.34,25.22,36.54,27.56,25.68,22.98,15.91,9.4,9.41,7.47,15.49,11.81,4.1,9.33,2.14,4,3.12,2.01,8,7.83,3.04,0.16,4.07,27.77,41.88,0,5.41,0.5,0.17,8.82,N,Y,N,Y,0,0,0,0,0,0
I R C T C,23.17,64968,40.45,45.36,41.89,37.51,35.72,,54.61,66.01,69.08,68.94,68.94,76.5,17.96,15.9,,93.62,32.2,3.32,,1.7,3,20.11,14.8,6,27.04,27.85,0.8,46.79,62.4,16.14,0,19.9,1.95,0.02,93.27,N,Y,Y,N,0,0,0,0,1,1
Interglobe Aviat,76.68,168650.31,,,,,,,25.44,20.92,23.8,23.46,20.92,67.58,19.31,20.59,20.01,46.46,101.59,23.63,-34.61,0.25,4,45.16,2.28,7,10.41,-1.42,0,0,49.29,4.64,0,4.24,1.17,15.86,2.45,Y,N,N,Y,0,0,1,0,1,2
Indus Towers,98.52,90199.54,24.19,9.71,21.77,22.18,20.37,17.83,11.96,13.9,13.9,15.29,17.89,27.02,33.18,24.74,10.2,17.25,12.15,7.96,11.21,0.57,5,3.18,3.08,7,20.37,7.4,0,0,53,5.81,5.66,4.4,1.03,0.75,11.53,N,Y,Y,Y,1,1,0,1,1,4
Adani Enterp.,19.09,310872.81,9.73,9.63,8.33,7.64,7.04,6.98,74.81,111.98,104.34,85.41,23.94,34.6,19.02,14.87,5.78,46.52,41.75,20.61,4.65,1.75,5,7.86,3.04,6,3.75,2.09,0.05,4.57,74.72,7.36,0,4.3,0.58,1.67,2.48,N,Y,N,Y,0,0,0,0,1,1
Avenue Super.,10.55,263690.05,14.48,15.95,14.12,13.46,14.03,14.39,98.15,117.81,123.33,123.04,124.9,28.13,20.48,23.04,26.91,31.62,21.96,26.17,29.37,4.27,5,13.09,4.81,5,4.96,5.54,0,0,74.65,7.91,0,22.69,0.8,0.04,61.9,N,Y,N,N,0,0,0,0,1,1
Trent,246.89,261690.32,27.16,11.94,15.2,9.46,8.75,7.72,208.9,182.69,183.43,167.92,164.79,68.36,36.3,31.58,18.16,100.91,54.41,39.73,57.94,3.7,5,64.33,18.89,8,7.31,3.59,0.04,7.65,37.01,22.98,0,62.28,0.52,0.43,7.32,Y,Y,N,Y,0,1,1,0,1,3
FSN E-Commerce,26.49,50616.69,2.44,1.42,2.58,3.22,,,1310.97,1504.53,1504.53,1504.53,1504.53,37.79,41.86,,,-74.5,15.32,,,48.39,5,40.07,7.54,5,0.62,0.41,0,0,52.18,15.86,0,26.9,0.59,0.77,1.95,N,Y,N,Y,0,0,0,0,1,1
Grasim Inds,41.47,175921.34,6.9,8.85,8.67,8.45,7.73,7.92,32.33,18.32,17.62,18.17,15.9,19.68,11.15,20.23,16.55,10.26,18.78,4.46,8.15,1.79,2,1.94,1.32,4,7.78,9.42,0.38,11.81,43.11,25.04,0,1.56,0.55,1.55,2.38,Y,Y,N,N,1,0,0,0,1,2
Bharti Airtel,82.16,997779.2,14.93,12.05,11.31,12.36,9.19,8.94,83.54,69.33,65.65,92.44,59.69,14.23,13.17,6.67,5.74,-0.37,121.21,14.95,16.01,0.68,2,11.49,6.61,5,9.1,9.19,0.48,61.64,53.14,2.93,0,4.39,0.42,2.63,1.91,Y,Y,N,N,0,0,0,0,1,1
Bharti Hexacom,,71307.5,14.02,13.41,9.29,-1.17,,,114.98,53.96,53.96,53.96,53.96,15.49,14.43,,,34.45,18.89,,,5.13,3,,10.06,6,8.75,8.02,0.28,39.65,70,16.05,0,7.03,0.29,1.75,2.84,Y,N,N,Y,0,0,0,0,1,1
Vodafone Idea,-29.72,53390.06,,,,,,,,,,,36.41,0.55,2.83,2.63,4.87,7.54,-2.9,,,,2,,1.26,5,-75.18,-69.64,0,0,37.32,21.94,0,-0.34,0.24,,-0.2,N,N,N,N,0,0,0,0,1,1
Tata Comm,10.55,50661.6,65.21,141.55,126.04,,,,61.94,26.98,31.14,30.47,31.58,7.03,4.88,2.52,1.7,-5.37,72.66,-9.02,30.04,0.85,2,28.49,2.23,4,5.14,9.73,0.94,49.15,58.86,9.62,0,4.42,0.57,6.99,2.63,Y,Y,N,N,0,0,0,0,1,1
Tata Consumer,10.55,96273.91,8.32,6.86,7.25,6.83,6.78,6.29,70.45,75.38,72.02,66.6,40.56,9.44,15.96,12.23,6.99,14.41,16.91,12.78,7.63,2.61,3,5.03,5.91,5,9.35,8.58,0.8,64.19,33.84,23.06,0,6.78,0.84,0.15,8.13,N,Y,N,Y,0,0,0,0,1,1
Jindal Steel,39.63,91711.02,14.12,10.6,14.04,11.03,7.53,4.03,16.41,13.65,12.96,13.51,13.28,13.35,1.4,12.85,10.07,15.96,60.2,24.7,10.63,0.27,3,2.07,1.8,7,11.65,9.27,0.22,3.38,61.19,9.75,13.11,3.73,0.62,0.37,5.88,Y,Y,Y,Y,1,0,0,0,1,2
JSW Steel,28.94,230814.17,11.79,5.64,17.14,16.83,18.16,16.86,44.96,22.5,21.23,16.58,16.31,29.9,15.6,17.8,13.07,1.66,2.13,12.98,37.36,19.05,2,2.9,1.35,6,4.92,2.26,0.77,25.27,44.84,18.22,14.34,3.13,0.43,1.2,1.95,Y,Y,N,Y,0,0,0,0,1,1
Tata Steel,21.65,182084.73,6.55,7.28,18.07,13.81,13.77,10.21,112.86,10.95,7.81,7.65,8.99,13.61,7.77,10.73,4.43,-7.94,-7.75,22.75,5.09,-19.36,4,1.98,0.81,3,3.09,3.25,2.47,-101.2,33.19,24.69,0,2.59,0.21,0.95,2.01,Y,Y,Y,N,0,0,0,0,1,1
Tube Investments,51.07,89509.61,26.48,26.97,27.22,24.64,23.12,,104.65,64.6,63.06,58.87,58.87,40.55,23.95,20.88,,61.47,37.45,,,2.73,4,17.55,5.09,5,10.18,8.77,0.08,5.64,44.96,11.48,0.01,13.49,0.98,0.18,31.56,Y,Y,Y,Y,0,0,1,0,1,2
Jindal Stain.,47.58,54671.94,19.88,19.14,25.46,22.68,21.27,,22.33,8.56,12.15,11.55,11.92,46.8,23.25,22.57,11.65,63.04,60.64,53.38,10.54,0.28,5,3.54,1.45,7,6.78,5.83,0.45,6.07,60.49,10.86,0,4.87,0.56,0.42,6.56,Y,Y,N,Y,1,0,1,0,1,3
Marico,19.03,82876.48,38.51,35.85,37.21,36.76,36.81,36.55,54.6,53.35,51.76,51.51,49.32,6.25,5.65,7.24,7.49,8.06,5.74,9.78,11.85,9.43,3,21.62,8.44,6,15.44,13.32,1.48,82.75,59.21,4.69,0.13,21.3,0.99,0.14,28.05,Y,Y,N,Y,0,0,0,0,1,1
Patanjali Foods,29.81,59951.78,7.63,11.13,10.63,,,,60.27,48.66,54.13,49.38,45.31,24.8,20.04,7.99,2.67,-2.77,55.63,14.26,52.4,1.04,3,5.53,1.91,6,2.41,2.83,0.48,28.38,69.76,10.57,0,11.09,1.42,0.1,8.67,Y,Y,Y,N,1,0,0,1,1,3
Reliance Industr,17.21,1796895.63,9.25,8.94,8.71,8.73,9.29,9.71,26.46,25.76,26.37,24.51,20.93,24.46,9.61,16.76,7.57,13.93,11.96,13.27,13.17,2.21,4,2.19,1.94,6,8.81,8.47,0.19,9.72,50.24,10.67,0,3.07,0.72,0.44,5.34,Y,N,N,Y,0,0,1,0,1,2
I O C L,68.37,206607.84,25.66,7.17,18.14,16.29,16.69,16.15,6.7,5.25,5.72,6.43,8.72,28.73,8.01,11.81,4.74,24.21,19.14,11.53,22.04,0.35,6,1.13,0.27,7,5.52,1.39,8.2,39.6,51.5,10.59,0,3.19,0.12,0.72,6.23,Y,Y,N,Y,1,1,1,0,1,4
B P C L,82.89,132888.42,41.9,6.34,24.22,23.03,23.15,24.2,9.93,6.01,8.37,8.99,11.6,24.86,8.48,12.11,5.42,28.9,28.24,17.51,21.27,0.35,7,1.72,0.3,8,6.04,0.71,6.86,33.41,52.98,8.63,0,4.02,0.29,0.76,5.97,Y,N,N,Y,1,1,1,0,1,4
H P C L,129.35,79240.11,40.38,-18.95,13.94,16.71,19.02,20.89,18.87,4.53,4.62,4.99,6.06,22.98,9.51,12.73,6.36,15.31,20.78,11.1,31.58,0.99,4,1.73,0.18,8,3.68,-1.58,5.64,27.91,54.9,9.31,0,3.46,0.21,1.58,2.74,Y,N,N,Y,1,1,1,0,1,4
NTPC,68.6,386800.01,13.62,12.05,12.86,12.4,12.41,12.28,17.52,10,8.81,9.69,10.69,16.97,12.22,11.75,8.59,9.74,7.28,10.32,6.46,2.56,3,2.3,2.11,8,12.04,9.77,1.94,36.11,51.1,3.68,0,2.47,0.75,1.44,3.24,Y,Y,N,Y,0,0,0,0,1,1
Power Grid Corpn,57.15,293713.07,19,19.25,19.16,18.59,17.63,17.05,18.71,11.21,10.33,10.97,13.78,4.97,5.51,8.62,11.41,7.9,8.48,11.7,13.44,2.21,2,3.37,6.41,7,35.27,33.61,3.56,67.19,51.34,3.5,0,2.91,0.57,1.42,3.16,Y,Y,Y,Y,0,0,0,0,1,1
Adani Green,88.77,260414.94,17.07,22.83,19.16,16.28,11.41,,202,227.11,551.1,551.1,551.1,43.44,34.98,51.57,,67.19,35.89,40.05,,5.6,3,24.62,24.27,7,15.69,14.53,0,0,60.94,22.45,0,4.81,0.49,6.38,1.37,N,Y,N,Y,0,0,0,0,1,1
Adani Power,67.25,228446.49,57.06,44.55,47.81,39.21,33.69,26.13,14.29,11.19,14.43,15.27,15.19,24.29,16.09,12.11,12.63,153.37,88.46,42.5,55.22,0.16,3,5.29,4.21,8,41.37,27.76,0,0.07,72.7,10.84,0.45,6.17,1.33,0.8,6.1,Y,Y,Y,Y,1,1,0,1,1,4
Tata Power Co.,77.24,134875.28,11.28,12.62,11.22,8.64,7.27,6.5,36.73,31.67,28.46,23.53,23.76,23.4,15.51,12.12,5.57,43.77,68.5,13.6,74.09,0.49,5,4.17,2.12,7,6.5,6.7,0.47,17.29,46.86,27.02,0,2.56,0.55,1.66,2.24,Y,Y,N,N,1,0,0,0,1,2
JSW Energy,69.88,116908.23,8.4,7.22,8.66,8.2,7.01,8.13,59.9,47.02,26.89,23.36,19.4,18.39,4.68,4.82,2.88,28.7,19.75,15.5,5.31,3.03,2,4.18,10.24,6,14.45,12.62,0.3,19.05,69.31,5.81,8.5,4.02,1.68,1.1,2.13,Y,Y,N,Y,0,0,0,0,1,1
Adani Energy Sol,20.26,110439.92,8.59,11.6,10.82,11.01,11.7,11.95,74.42,108.02,100.07,71.29,49.05,18.71,17.85,28.47,,-5.5,13.05,13.86,,5.56,4,5.26,5.3,7,6.63,9.63,0,0,69.94,6.03,0.49,3.68,1.66,1.86,1.67,N,Y,N,N,0,0,0,0,1,1
Torrent Power,167.21,92461.06,15.21,19.58,14.58,14.71,13.9,12.6,40.41,17.16,14.2,13.51,13.9,30.71,15.63,15.42,12.14,11.02,15.05,23.87,34.74,2.69,4,7.67,3.2,6,6.68,8.16,0.83,41.95,53.57,9.77,0,6.28,0.87,0.96,4.26,Y,Y,N,N,0,0,0,0,1,1
NHPC Ltd,54.99,78853.52,9.61,10.86,10.29,10.38,9.77,9.35,21.81,11.61,9.21,9.51,10.07,-0.05,1.41,1.59,2.69,2.13,9.2,2.96,10.58,2.37,1,2.04,8.24,4,41.94,40.18,2.42,52.66,67.4,12.31,0,2.29,1.11,0.84,14.45,Y,Y,N,Y,0,0,0,0,1,1
Supreme Inds.,1.96,54497.7,21.73,20.51,22.94,24.75,24.21,24.43,49.95,41.12,37.85,35.95,33.81,16.83,12.55,12.43,11.53,1.94,20.84,13.43,13.54,2.4,3,10.27,5.26,8,10.19,9.19,0.7,35.63,48.85,14.6,0,16.6,1.21,0.01,76.89,Y,Y,N,Y,0,0,0,0,1,1
Abbott India,25.75,60581.84,34.88,31.61,32.2,30.47,29.38,28.47,48.9,49.25,50.38,48.79,46.59,10.71,9.72,10.53,9.9,20.24,22.01,23.33,20.21,2.22,4,16.38,10.22,8,20.54,17.75,1.44,72.53,74.99,15.86,0,22.32,1.96,0.02,141.34,N,Y,Y,Y,0,1,0,0,1,2
Torrent Pharma.,78.73,116178.02,24.23,20.04,20.95,21.39,19.46,23.05,66.76,46.61,42.11,41.17,37.58,10.25,6.93,9.14,9.91,8.45,21.55,8.74,9.15,3.1,2,15.48,10.35,9,14.74,12.66,0.82,57.21,71.25,7.21,0,14.58,1.21,0.42,9.33,Y,Y,Y,Y,0,1,0,1,1,3
Sun Pharma.Inds.,67.41,446372.28,16.69,16.55,15.84,13.79,12.41,13.8,42.33,30.28,29.98,30.04,30.04,13.13,10.78,6.32,11.67,25.14,23.38,5.35,6.42,1.81,2,7.01,9.07,9,20.67,19.7,0.73,33.82,54.48,8.89,0.79,10.77,1.47,0.05,56.68,Y,Y,Y,Y,1,0,0,1,1,3
Cipla,26.8,120242.89,16.79,12.84,14.42,13.5,12.67,12.12,27.12,29.14,29.55,30.08,31.68,10.39,9.51,8.68,9.74,21.32,25.07,24.32,11.63,1.08,4,4.5,4.6,7,16.45,12.63,0.87,25.47,30.92,16.11,0,8.85,1.78,0.02,68.08,N,Y,Y,Y,1,0,0,0,1,2
Dr Reddy's Labs,20.7,108715.32,21.39,21.64,18.67,16.73,15.46,15.84,19.53,20.58,24.48,27.11,27.54,13.72,12.64,10.2,7.64,41.14,24.3,23.46,11.19,0.8,5,3.85,3.76,6,19.68,18.64,0.61,11.96,26.64,24.2,0,7.26,1.46,0.07,38.33,N,Y,Y,Y,1,0,0,1,1,3
Zydus Lifesci.,72.26,99677.54,20.67,13.68,20.84,19.79,19.89,21.37,23.91,22.34,23.32,22.7,23.28,10.72,8.23,11.07,10.47,18.43,16.96,14.86,16.97,1.44,5,5.03,4.84,8,20.33,14.62,0.3,7.82,74.98,6.85,0,8.11,1.45,0.04,57.45,Y,Y,Y,Y,1,1,1,1,1,5
Mankind Pharma,39.63,98394.19,19.71,17.02,19.82,21.53,,,52.48,53.87,53.87,53.87,53.87,18.82,19.33,,,17.61,27.24,,,1.93,5,10.22,10.68,9,18.51,15,0,0,74.87,2.86,0,16.61,1.37,0,121.81,N,N,Y,Y,0,0,0,1,1,2
Lupin,90.58,98376.43,14.14,3.33,1.92,2.23,2.67,7.91,43.46,47.24,44.83,43.73,35.96,9.69,6.41,2.04,5.89,16.96,20.87,-4.37,0.1,2.07,3,6.88,4.73,8,9.56,2.57,0.37,19.04,46.96,6.44,0,9.13,0.9,0.2,10.72,N,N,Y,Y,0,0,0,0,1,1
Aurobindo Pharma,67.14,83680.82,11.53,7.47,10.28,12.69,14.09,16.19,23.38,16.36,15.7,15.75,17.27,5.39,8.19,9.97,13.62,-1.39,6.11,5.11,10.75,3.83,3,2.8,2.82,6,11.27,7.72,0.32,8.31,51.81,6.45,20.39,5.41,1.14,0.22,15.57,Y,Y,N,Y,0,0,0,0,1,1
Alkem Lab,61.7,71052.1,19.56,12.12,17.42,18.68,17.78,18.1,33.15,33.65,28.16,30.69,28.4,12.63,11.48,12.12,15.07,6.78,19.88,11.33,-8.05,1.67,1,6.89,5.58,9,15.08,9.45,0.67,26.63,55.66,16.12,0,10.15,1.9,0.14,22.58,N,Y,Y,Y,1,0,0,0,1,2
Divi's Lab.,69.43,153460.75,12.17,14.9,17.79,18.91,18.83,19.89,91.67,53.73,52.36,47.77,36.14,4.02,9.66,9.85,11.97,-6.91,3.45,6.06,7.54,26.57,4,11.31,18.75,5,20.43,23.49,0.52,49.69,51.89,9.79,0,18.78,5.08,0,759.33,Y,Y,Y,N,0,0,0,0,1,1
P I Industries,30.54,65658.29,21.13,18.46,18.45,18.48,18.63,19.88,37.57,44.31,47.08,43.57,39.69,18.76,21.96,18.94,16.99,31.61,30.61,18.72,22.96,1.14,3,7.52,8.39,7,21.95,18.94,0.35,13.56,46.09,8.54,0,12.7,2.42,0.02,60.28,N,Y,Y,Y,1,1,0,0,1,3
Hind. Unilever,1.85,593988.42,20.24,20.47,19.73,24.03,28.01,31.62,57.79,60.18,64.01,65.84,61.78,9.59,9.5,9.32,7.79,7.93,8.8,11.9,10.15,5.45,4,11.7,9.52,8,16.6,16.82,1.66,96.04,61.9,11.75,0,14.15,1.35,0.03,35.96,N,Y,N,N,0,0,0,0,1,1
Colgate-Palmoliv,48.15,83831.41,74.52,61.15,69.83,67.63,62.85,63,57.07,41.64,45.3,45.47,45.51,5.47,4.95,5.21,4.73,8.9,12.1,12.75,10.52,4.72,4,50.72,13.97,8,23.55,20.19,1.56,119.18,51,18.22,0,46.04,1.08,0.04,395.89,Y,Y,Y,Y,0,1,1,1,1,4
P & G Hygiene,-6.32,51695.99,78.45,80.63,79.52,68.65,64.55,52.68,76.58,79.44,77.7,78.46,73.74,5.57,7.37,8.87,7.45,1.1,9.71,6.34,8.33,7.89,3,66.72,12.29,6,16.05,17.32,1.22,122.62,70.64,12.6,0,49.21,0.99,0,36.07,N,Y,Y,N,0,0,0,0,1,1
Godrej Consumer,30.79,132085.07,-56.02,13.62,-10.67,-1.1,4.64,8.03,73.05,57.33,52.63,50.3,48.07,8.52,6.45,6.17,6.37,,,,,,3,10.85,9.41,4,-52.44,12.97,1.16,-273.7,63,5.36,0.66,13.59,0.83,0.31,10.05,Y,Y,N,N,0,0,0,0,1,1
Dabur India,2.7,95474.41,19.22,19.46,20.3,21.62,22.6,24.25,51.63,55.01,55.71,54.25,51.25,9.06,7.81,7.22,5.8,2.18,3.81,5,7.05,13.31,3,9.68,7.56,6,14.6,14.65,1.02,52.89,66.25,5.07,0,12.47,0.53,0.14,19.17,N,Y,N,N,0,0,0,0,1,1
Asian Paints,0.1,283730.71,31.44,27.74,27.81,27.67,27.07,27.5,55.85,71.81,76.45,66.14,60.92,17.8,13.03,13.03,11.25,20.42,20.52,15.94,16.24,2.72,3,15.15,8.04,6,15.65,12.24,1.13,58.5,52.62,18.88,7.7,18.31,0.99,0.13,32.87,N,Y,N,Y,0,0,0,0,1,1
Berger Paints,-0.11,62597.42,23.54,20.44,22.23,22.89,22.6,22.85,53.64,65.79,74.33,67.01,61.99,17.99,13.06,13.72,11.62,17.59,19.09,15.41,16.65,2.81,4,11.64,5.56,8,10.4,8.15,0.65,34.94,74.99,9.24,0,15.17,0.87,0.14,21.98,N,Y,N,Y,0,0,0,0,1,1
O N G C,42.92,332182.27,16.26,14.13,16.51,13.35,13.27,12.6,7.29,5.33,5.65,6.84,8.87,24.86,7,11.13,13.01,47.06,9.83,11.4,6.88,0.74,6,0.99,0.51,8,9.85,6.03,4.64,31.31,58.89,3.65,0,2.74,0.5,0.45,7.32,Y,Y,N,Y,0,0,1,0,1,2
Oil India,141.14,78947.41,18.01,25.23,20.99,19.86,17.56,15.67,10.07,4.77,4.55,5.5,8.5,21.7,18.17,18.69,12.6,27.39,14.64,20.15,11.23,0.69,8,1.63,2.3,4,27.14,27.25,2.16,24.82,56.66,6.46,0,3.02,0.79,0.5,13.17,Y,Y,N,N,1,0,0,0,1,2
Adani Ports,68.55,284857.52,18.06,14.43,15.82,16.07,16.56,17.64,28.56,29.18,27.48,24.21,23.04,28.63,19.58,17.89,18.65,18.61,16.01,11.88,17.71,1.68,2,5.4,10.17,8,33.19,30.63,0.45,15.98,65.89,5.62,0.03,5.26,0.99,0.94,5.53,N,Y,N,Y,0,0,0,0,1,1
Zomato Ltd,140.23,224266.36,1.12,-5.91,-4.8,-9.51,,,302.25,421.88,421.88,421.88,421.88,82.47,55.97,,,25.99,14.87,,,18.84,4,10.52,14.14,7,1.84,-15.02,0,0,0,28.86,0,16.3,1.96,0.05,9.18,N,Y,N,Y,0,0,0,0,1,1
GAIL (India),74.27,135499.65,13.97,8.69,14.31,14.78,14.53,13.04,12,8.62,7.89,9.05,12.93,32.42,11.83,15.51,7.99,17.88,8.76,17.84,8.35,1.47,6,1.76,1,6,7.45,3.85,2.67,36.53,51.92,6.76,0,4.14,0.66,0.28,20.39,Y,Y,N,Y,1,0,1,0,1,3
Info Edg.(India),86.15,98453.48,2.44,-1.64,5.68,4.71,4.91,4.72,153.22,126.07,134.49,118.46,110.82,31.01,17.12,16.18,16.16,60.36,48.16,43.03,23.28,3.07,4,3.25,38.06,8,21.68,-10.7,0.29,49.39,37.68,10.26,0,5.78,2.41,0.01,46.47,Y,Y,N,Y,0,0,1,0,1,2
GMR Airports Inf,43.7,83225.85,,,,,,,,,,40.73,40.73,34.9,3.39,-1.24,-1.94,20.77,8.57,-0.3,,,4,,8.7,5,-10.7,-16.08,0,0,66.07,14.65,0,3.06,0.94,,0.59,N,Y,Y,Y,0,0,0,0,0,0
Mazagon Dock,97.59,81932.53,35.19,25.95,27.31,23.99,22.46,,35.34,20.15,14.17,14.17,14.17,32.74,15.46,15.25,,47.04,32.21,-12,,1.2,4,13.12,8.49,8,20.45,14.29,0.68,28.53,84.83,12.71,0,5.53,0.89,0,596.59,Y,Y,Y,Y,0,1,1,0,1,3
Adani Total Gas,29.25,79642.75,20.46,20.39,21.23,23.66,,,113.44,192.54,169.46,144.96,144.96,38.19,21.09,,,12.13,22.74,,,4.99,3,20.37,16.99,8,14.91,12.47,0.03,4.12,74.8,5.99,0,20.58,0.6,0.37,9.59,N,Y,N,Y,0,1,0,0,1,2
JSW Infrast,59.53,59031.04,18.96,20.41,17.35,14.7,13.78,,52.4,52.4,52.4,52.4,52.4,32.89,28.35,22.91,,-51.08,-33.76,-27.9,,1.52,4,7.35,15.16,7,30.41,23.51,0.2,9.76,85.61,6.32,0,8.85,6.95,0.59,4.35,N,N,N,Y,0,0,0,0,1,1
BSE,118.08,55000.03,15.2,7.68,11.3,9.14,11.02,10.06,92.3,49.35,35.58,26.27,26.84,36.19,19.54,15.76,12.62,36.2,20.04,13.85,19.38,5.5,5,16.66,27.45,8,28.64,22.24,0.37,26.08,0,52.4,0,10.27,0.94,0,98.03,Y,Y,Y,Y,0,0,1,0,0,1
Petronet LNG,53.26,50632.5,22.19,22.85,23.75,24.55,24.1,22.97,12.92,10.31,11.38,13.14,14.73,26.54,6.55,11.5,3.4,6.26,10.42,10.99,17.51,1.24,5,2.74,0.92,7,6.71,5.41,2.96,42.42,50,10.88,0,7.54,3.8,0.15,20.28,Y,Y,Y,Y,1,1,1,0,1,4
Coal India,46.87,284163.4,52.04,60.97,52.82,50.97,51.42,46.54,7.9,6.61,6.44,6.99,8.15,16.49,7.4,8.94,7.26,43.28,16.42,22.13,9.75,0.48,7,2.95,2.02,7,26.25,22.93,5.53,42.02,63.13,5.02,0,3.81,1.66,0.08,55.07,Y,Y,N,Y,1,1,1,0,1,4
Hindustan Zinc,72.43,215512.4,55.08,44.46,39.19,,,,24.49,14.32,14.32,14.32,14.32,8.54,,,,0.12,,,,,7,28.28,6.9,5,26.77,30.78,5.69,70.79,64.93,2.92,99.04,13.28,0.51,1.84,12.01,Y,N,N,N,0,0,0,0,1,1
Vedanta,111.03,178079.07,10.49,20.4,22.16,22.38,19.33,13.52,28.36,8.26,7.27,8.26,8.07,17.76,9.32,10.33,8.07,-32.58,-11.9,-8.37,-6.95,-2.38,5,5.51,1.22,4,4.55,9.95,7.69,258.88,56.38,15.64,99.99,3.05,0.36,2.85,3.21,Y,N,N,N,1,0,0,0,1,2
NMDC,41.08,63837.39,23.93,23,29.04,23.98,22.01,19.06,10.48,6.44,6.36,6.7,6.65,11.5,11.89,13.41,5.86,-2.65,5.6,13.68,2.11,2.24,5,2.49,2.99,6,27.13,26.45,3.33,38.14,60.79,12.52,0,5.83,2.23,0.13,91.71,Y,N,N,Y,0,0,0,0,1,1
Lloyds Metals,82.46,50349.38,56.64,89.76,65.16,61.15,59.37,56.33,34.31,26.07,22.43,18.19,25.19,196.05,69.02,50.73,27.65,1576.31,94.58,92.24,30.89,0.27,6,8.7,6.95,5,18.84,26.91,0.1,4.06,63.49,33.28,18.17,14.45,1.75,0.01,210.94,Y,Y,Y,N,1,0,0,0,1,2
Indian Hotels Co,84.55,98394.75,14.26,12.73,8.84,4.35,4.46,2.73,76.57,65.01,60.74,69.48,71.1,62.58,8.45,7.73,5.23,48.91,33.07,49.69,26.11,2.18,3,10.4,14.36,8,19.4,17.31,0.25,19.78,38.12,15.65,0,12.53,1.11,0.29,8.96,Y,Y,Y,Y,0,0,0,1,1,2
Apollo Hospitals,43.78,99856.29,13.33,13.71,14.4,11.78,10.15,9.43,96.38,89.77,90.62,99.77,84.63,21.75,14.66,14.79,15.9,108.56,33.38,30.32,10.66,2.81,6,14.4,5.06,6,4.78,5.03,0.23,25.6,29.33,5.12,13.99,11.77,0.89,0.77,4.35,Y,Y,N,N,0,0,0,0,1,1
Max Healthcare,66.37,91185.99,13.37,16.1,13.39,12.04,10.96,,86.53,62.17,68.01,68.01,68.01,29.18,26.17,18.91,,95.13,681.89,69.02,,0.11,4,10.84,16.1,4,19.56,24.16,0.16,13.78,23.74,3.84,0,14.07,1.3,0.15,22.48,Y,Y,N,N,0,0,0,0,1,1
Nestle India,-6.03,217967.01,135.33,108.31,121.38,106.76,82.58,68.17,68.63,80.25,79.63,77.11,72.63,22.25,16.65,15.05,10.36,23.52,19.55,21.43,13.48,3.51,4,54.62,11.02,8,16.09,14.12,0.69,78.94,62.76,15.86,0,34.89,0.26,0.09,38.72,N,Y,N,Y,0,0,0,0,1,1
Britannia Inds.,25.59,136557.87,57.14,66.62,57.76,49.27,44.35,44.43,61.96,56.65,55.41,57.83,54.93,8.48,8.69,9.2,9.27,4.89,13.04,13.36,18.65,4.73,3,34.65,8.03,7,12.74,12.45,1.3,82.75,50.55,15.18,0,27.74,0.48,0.52,22.44,Y,N,Y,Y,0,1,0,0,1,2
Varun Beverages,65.83,198559.16,35.2,33.54,30.29,25.44,23.76,23.04,78.13,62.18,62.97,58.93,59.18,35.49,25.73,22.56,22.46,76.79,45.75,71.1,43.84,1.65,6,23.15,10.46,7,13.5,12.1,0.16,15.8,62.66,8.18,0.04,18.79,0.47,0.79,9.11,Y,Y,N,Y,0,1,1,0,1,3
Life Insurance,48.96,571558.42,63.45,125.05,79.15,80.87,,,13.68,15.43,15.43,15.43,15.43,6.98,8.16,,,,,,,0.19,4,6.91,0.66,6,4.84,4.59,1.11,15.46,96.5,2.17,0,0.41,3.09,0,,N,Y,Y,Y,1,1,0,0,1,3
Bajaj Finance,-7.95,427735.74,22.12,23.48,21.34,19.83,20.01,,27.82,36.33,41.46,47.77,45.36,27.26,24.35,27.62,,47.08,27.59,32.03,,0.95,4,4.93,6.87,4,26.31,27.81,0.52,15.4,54.7,9.36,0,2.43,2.39,3.74,1.94,N,Y,N,N,1,0,0,1,1,3
Bajaj Finserv,9,272614.09,15.28,14.81,14.19,13.77,13.9,14.12,32.07,36.71,38.09,36.32,33.97,22.13,20.97,23.99,33.76,22.04,20.36,20.06,18.07,1.57,4,3.99,2.16,5,14.14,14.88,0.06,1.96,60.65,22.84,0.01,1.1,0.25,4.66,2.06,N,Y,N,N,1,0,0,1,1,3
Jio Financial,39.61,197714.2,1.27,,,,,,123.1,134.25,134.25,134.25,134.25,,,,,,,,,,2,1.44,101.76,3,86.51,56.07,0,0,47.12,24.46,0,3.63,43.14,0,,N,N,N,Y,0,0,0,0,1,1
SBI Life Insuran,24.09,161986.06,11.96,13.19,12.87,13.94,14.79,15.59,74.25,77.03,74.84,69.91,69.97,17.24,24.23,23.25,22.56,4.62,5.91,8.29,8.64,12.5,3,9.96,1.08,7,1.26,2.02,0.17,14.28,55.39,4.1,0,1,1.82,0,,N,Y,N,N,0,0,0,0,1,1
HDFC Life Insur.,16.56,152689.33,11.38,9.57,10.6,12.78,14.48,16.22,90.17,89.24,91.22,90.76,90.76,12.37,21.17,18.66,19.45,2.81,4.57,7.41,7.25,15.23,2,9.79,1.38,7,1.55,1.95,0.28,27.33,50.34,10.75,0,1.13,1.03,0.06,,Y,Y,N,N,0,0,0,0,1,1
Shriram Finance,59.81,116286.44,15.93,17.27,15.34,14.87,15.45,14.92,14.83,11.73,11.52,11.85,14.34,27.83,18.56,18.79,15.69,30.33,14,21.55,13.85,0.63,5,2.22,3.02,3,20.33,19.75,1.46,22.96,25.4,5.07,0,1.48,2.28,3.97,1.65,Y,Y,N,Y,1,0,1,1,1,4
Cholaman.Inv.&Fn,17.48,115325.49,20.16,20.41,20.24,19.03,19.24,19.09,29.94,30.65,28.11,25.49,24.27,25.99,21.94,22.26,19.31,29.97,21.62,23.7,22.99,1.28,5,5.39,5.13,3,17.85,20.69,0.15,4.91,50.24,6.02,0,1.64,3.92,7.38,1.48,N,Y,N,N,1,1,0,1,1,4
Bajaj Holdings,50.94,113031.13,14.77,11.15,12.18,11.85,11.88,12.44,15.26,14.96,13.98,12.79,12.01,54.98,31.59,10.57,14.93,25.81,18.98,16.65,13.84,0.8,4,1.89,65.23,7,432.73,948.17,1.29,20.06,51.46,30.82,0,4.02,1.22,0,4139.8,Y,Y,Y,N,0,0,0,1,1,2
ICICI Pru Life,43.13,107303.7,8.07,8.45,8.27,9.99,12.14,16.25,122.5,93.07,83.18,68.8,61.79,2.54,16.68,13.13,15.15,-3.93,-2.05,-9.32,-5.97,-61.87,3,9.27,1.08,5,0.95,1.65,0.08,10.16,73.05,4.66,0,0.9,1.24,0.1,,Y,Y,N,N,0,0,0,0,1,1
ICICI Lombard,42.13,95446.07,16.96,17.64,16.67,18,17.97,18.18,42.89,42.34,45.45,45.52,45.67,18.92,12.91,15.39,16.76,6.35,11.01,13.98,12.76,3.34,5,7.01,4.28,7,9.37,9.69,0.31,28.25,51.66,6.91,0,2.33,0.29,0,,Y,Y,Y,N,0,0,0,0,1,1
HDFC AMC,57.77,92757.54,29.51,24.47,27.11,28.81,29.96,31.2,41.94,34.66,40.77,41.27,41.27,12.92,8.77,10.52,13.41,13.55,15.79,-11.75,-4.32,2.64,6,13.64,30.62,6,61.6,57.45,1.61,76.8,52.51,9.01,0,23.26,0.72,0,324.27,Y,Y,N,Y,0,1,1,1,1,4
Muthoot Finance,49.04,77223.59,17.86,17.63,19.39,21.88,22.14,21.36,18.59,13.88,13.99,13.09,12.68,6.17,12.93,11.91,9.83,2.82,15.43,19.18,17,1.2,4,3.17,5.79,3,32.05,33.03,1.25,23.79,73.35,3.5,0,2.26,2.21,2.7,2.14,Y,Y,N,N,1,0,0,1,1,3
SBI Cards,-12.52,65775.41,21.98,25.69,23.46,22.97,23.8,24.15,27.31,35.05,45.52,45.52,45.52,22.23,19.34,26.12,28.01,34.23,19.64,27.01,21.1,1.2,3,5.44,3.78,4,14.18,16.52,0.36,9.87,68.61,5.46,0,2.71,0.75,3.3,2.16,N,Y,N,N,1,0,0,1,1,3
General Insuranc,54.38,61184.7,13.31,17.01,12.78,9.99,9.59,7.92,8.61,8.4,9.61,13.78,13.81,-2.25,0.2,7.83,12.79,49.73,24.09,46.66,-14.3,0.36,7,1.06,1.3,6,14.73,14.81,2.87,26.24,82.4,2.56,0,0.98,0.48,0,,Y,Y,N,N,1,0,0,0,1,2
Sundaram Finance,51.57,53961.27,14.16,14.16,14.15,14.16,14.17,14.44,35.21,22.01,21.8,22.12,23.03,11.18,14.5,3.84,5.88,8.62,11.65,11.77,9.69,3.02,3,4.87,7.07,6,26.23,27.39,0.62,23.02,37.86,35.53,0,2.03,2.58,4.72,1.59,Y,Y,N,N,0,0,0,1,1,2
Aditya Birla Cap,17.8,52863.13,14.15,26.79,17.46,14.66,13.7,,15.34,17.4,18.19,20.35,20.54,21.48,17.88,28.77,,40.98,28.33,16.89,,0.47,5,1.97,1.46,3,9.96,15.99,0,0,68.9,12.23,0,0.42,0.08,4.11,1.58,N,Y,N,N,1,0,0,1,1,3
Motil.Oswal.Fin.,259.65,52195.68,32.59,15.62,25.28,24.42,23.18,22.37,18.67,9.79,11.69,15.07,22.92,24.93,23.61,20.44,31.23,21.82,52.03,29.96,41.33,0.35,4,5.95,6.61,5,34.61,22.38,0.4,8.55,68.86,18.39,0,3.95,1.64,1.58,4.1,Y,Y,N,Y,1,1,1,1,1,5
I R F C,86.84,175679.93,13.66,14.4,14.56,13.9,13.81,13.18,27.27,6.71,6.63,6.63,6.63,19.1,19.07,16.68,15.7,13.24,15.34,-38.24,-31.28,1.17,0,3.46,6.57,8,24.06,26,1.12,30.57,86.36,11.48,0,2.07,19.88,8.02,1.32,Y,Y,N,N,1,0,0,1,1,3
Power Fin.Corpn.,84.42,144577.46,21.33,20.4,20.98,20.15,20.18,19.06,6.97,3.03,3.04,3.27,4.01,8.49,11.08,18.69,15.64,18.93,14.78,36.52,13.73,0.47,8,1.43,1.52,6,28.92,27.27,3.08,22.54,55.99,8.83,0,0.76,1.22,8.52,1.59,Y,Y,N,Y,1,1,1,1,1,5
REC Ltd,86.05,133767.78,22.2,20.41,21.29,20.24,19.16,19.62,9.14,3.21,3.74,4.15,4.47,10.15,13.34,10.03,10.68,19.07,19.77,12.22,11.55,0.46,7,1.83,2.7,6,29.78,28.29,3.15,29.78,52.63,11.84,0,0.95,1.35,6.41,1.6,Y,Y,N,Y,1,1,1,1,1,5
Indian Renewable,,51406.19,17.29,15.44,16.2,14.86,,,35.59,36.67,36.67,36.67,36.67,23.2,19.71,,,1.82,4.67,,,1.05,4,5.51,8.89,4,25.23,24.83,0,0,75,22.62,0,1.71,0.69,5.85,1.5,N,N,N,Y,1,0,0,1,1,3
Bajaj Housing,,109381.88,15.23,14.59,14.03,,,,63.16,58.47,58.47,58.47,58.47,34.16,,,,40.58,,,,,4,5.82,14.36,5,22.74,22.21,0,0,88.75,7.63,0,2.49,4.01,3.96,1.46,Y,N,N,Y,0,0,1,1,0,2
F A C T,17.3,51231.92,29.39,62.45,56.41,,,,242.93,30.66,28.43,24.95,24.95,15.76,20.93,15.29,8.63,3.57,28,19.51,11.82,8.68,2,37.24,11.59,4,7.7,9.75,0.12,42.94,90,0.93,0,15.66,0.78,1.32,1.38,Y,Y,Y,N,0,0,0,0,1,1
Cummins India,99.52,93420.56,28.11,21.63,22.53,19.84,19.22,20.09,52.9,42.6,38.75,35.16,34.21,27.43,9.62,8.45,8.46,36.76,18.1,12.01,10.75,2.92,4,15.16,10.32,8,18.09,14.27,1.13,63.43,51,8.89,0,20.96,1.86,0.02,96.6,Y,Y,N,Y,0,1,1,0,1,3
Larsen & Toubro,14.63,457378.3,14.68,11.81,12.36,14.08,14.42,13.74,34.41,31.95,29.31,25.13,26.99,17.59,10.34,10.59,10.03,-1.75,8.6,12.02,11.49,4.22,2,5.29,2,7,6.95,6.62,0.84,35.79,0,37.6,0,3.6,0.99,1.35,3.24,Y,Y,Y,Y,0,0,0,0,1,1
Hind.Aeronautics,124.63,278584.91,28.89,27.16,28.45,26.64,25.34,23.07,33.91,16.1,13.65,13.14,13.14,9.91,8.71,7.81,7.22,32.85,26.48,17.75,15.05,1.28,4,9.59,9.04,9,24.99,21.57,0.84,30.82,71.64,8.13,0,7.28,1.37,0,333.36,Y,Y,Y,Y,1,1,1,1,1,5
Thermax,95.8,64715.57,14.15,12.31,12.03,10.38,10.53,10.34,108.75,72.48,69.3,66.38,61.76,24.85,9.31,11.03,6.26,33.81,9.53,14.48,10.93,11.41,4,14.58,6.76,6,6.31,5.61,0.22,20.94,61.98,4.45,0,12.16,0.91,0.29,8.99,Y,Y,N,Y,0,0,1,0,1,2
Dixon Technolog.,159.31,83395.46,24.73,22.52,23.3,23.83,23.46,23.71,148.75,116.47,115.84,101.6,100.68,39.99,42.75,32.58,32.09,31.19,40.77,32.18,21.37,3.51,6,37.42,3.02,5,2.12,2.11,0.04,8.13,32.89,21.27,0,10.4,0.74,0.36,7.81,Y,Y,N,Y,0,0,1,0,1,2
Bharat Electron,106.01,199081.83,26.27,22.79,23.44,22.08,21.66,20.35,43.85,28.76,23.6,21.26,23.91,12.83,10.75,12.92,12.01,23.64,16.02,14.8,16.33,2.74,5,11.27,9.23,9,19.57,16.81,0.81,40.36,51.14,11.37,0,10.06,1.17,0,852.29,Y,Y,N,Y,0,1,1,0,1,3
Siemens,97.74,241323.28,15.36,13.79,13.58,12.35,11.99,11.75,99.54,81.71,79.3,73.55,71.6,22.1,7.14,7.53,4.7,35.72,16.18,15.18,26.77,6.15,3,17.35,12.13,8,10.53,10.2,0.15,18.63,75,9.42,6.67,19.98,1.85,0.01,76.42,Y,Y,Y,Y,0,0,0,0,1,1
A B B,87.64,159390.06,22.92,17.01,17.76,14.06,13.72,12.87,99.04,102.52,102.77,93.06,85.24,21.52,9.32,2.75,3.07,92.69,19.98,19.52,21.4,4.96,5,25.13,13.94,9,11.94,8.92,0.32,49.99,75,7.29,0,24.64,1.6,0.01,124.78,N,Y,Y,Y,0,1,0,1,1,3
CG Power & Ind,93.42,113643.09,57.78,66.05,71.03,,,,126.9,72.64,70.09,70.09,68.92,39.5,0.12,5.54,-5.14,131.77,28.86,18.68,9.13,3.02,3,32.31,12.9,6,17.27,13.15,0.17,13.91,58.07,15.92,0,30.34,1.36,0.01,272.71,Y,Y,Y,Y,0,0,0,1,1,2
Havells India,34.53,106263.49,17.95,16.97,18.65,18.93,19.04,19.34,75.37,71.58,69.69,67.19,60.6,21.14,13.04,17.17,8.73,7.53,9.78,12.07,10.81,7.68,4,13.63,5.26,7,6.79,6.34,0.53,44.39,59.41,5.58,0,16.52,0.98,0.04,41.87,Y,Y,Y,Y,0,0,1,0,1,2
Suzlon Energy,110.19,91327.61,28.77,,,,,,98.9,110.34,110.34,101.67,69.22,24.96,5.38,-9.08,-10.77,41.14,17.34,-11.93,7.47,5.01,4,23.22,12.68,7,11.06,2.89,0,0,13.25,54.02,0,23.01,0.99,0.04,7.29,N,Y,Y,Y,0,1,0,0,0,1
B H E L,84.32,75508.54,1.13,2.47,1.77,-2.12,-0.71,-0.07,751.93,68.39,39.57,60,39.09,11.34,-4.73,-2.47,-4.92,28.11,-22.53,-6.16,-22.01,-33.37,2,3.09,3.1,3,1.16,2.69,0.12,30.85,63.17,12.65,0,3.42,1.08,0.36,1.01,Y,N,N,N,0,0,0,0,1,1
Hitachi Energy,213.06,56407.68,12.74,8.03,12.54,,,,328.35,155.03,153.87,153.87,153.87,15.26,,,,10.98,,,,,4,41.48,10.21,9,3.13,2.11,0.03,10.36,75,10.9,0,21.13,0.89,0.16,6.02,Y,Y,N,Y,0,0,1,0,1,2
Titan Company,4.67,289999.79,32.91,30.75,30.28,26.52,26.13,25.6,83.96,86.99,89.31,82.14,72.83,33.14,20.9,21.25,16.67,53.78,20.23,24.04,16.84,4.15,3,30.87,5.53,4,6.84,8.07,0.34,28,52.9,17.33,0,18.02,0.3,1.65,7.21,N,Y,N,N,0,0,0,0,1,1
Kalyan Jewellers,133.68,69267.87,15.22,13.46,12.4,9.61,,,109.9,30.65,36.43,36.43,36.43,29.34,13.68,,,366.53,164.73,,,0.63,5,16.52,3.51,7,3.21,3.24,0.18,20.69,60.59,7.62,0,11.49,0.22,1.07,3.57,Y,Y,N,N,0,0,0,0,1,1
DLF,44.92,192331.72,6.95,5.47,5.71,4.27,3.81,3.3,53.41,58.33,56.35,58.5,59.54,5.88,-5.14,-3.46,-2.52,32.5,13.96,21.55,15.68,3.22,4,4.78,27.5,6,41.68,35.56,0.64,45.38,74.08,4.62,0,6.43,0.73,0.11,7.24,N,Y,Y,Y,N,0,0,0,1,1
Macrotech Devel.,46.78,107719.85,10.74,7.09,10.33,10.66,13.39,,50.14,50.01,48.96,48.96,48.96,23.71,-2.83,3.84,,56.35,-4.66,3.36,,-238.76,5,5.92,8.67,8,15.74,9.33,0.21,14.44,72.11,0.91,0,5.29,0.36,0.44,6.85,Y,Y,Y,Y,1,0,1,0,1,3
Rail Vikas,166.17,87518.72,20.39,20.94,20.61,20.27,19.36,17.57,64.96,17.76,7.31,7.45,7.45,12.16,16.65,20.43,24.17,15.86,19.64,20.83,24.64,3.31,4,11.12,4.3,9,6.73,6.25,0.5,30.07,72.84,15.78,0,9.91,2.09,0.77,4.14,Y,Y,N,Y,0,1,1,0,1,3
Godrej Propert.,82.83,81451.34,6.79,5.39,5.4,3.92,4.06,4.68,58.76,88.13,89.16,94.36,76.25,58.32,1.5,9.75,9.92,70.44,20.3,14.65,13.41,2.35,3,7.51,22.7,1,22.19,23.3,0,0,58.48,6.08,0,4.22,0.46,1.25,11.21,N,Y,N,N,N,0,0,0,1,1
Prestige Estates,128.17,73523.5,12.9,7.56,9.13,8.62,8.49,8.63,54.88,34.84,34.25,32.19,30.03,2.84,8.78,7.41,11.94,43.67,29.96,25.43,14.4,1.73,2,6.06,9.12,6,20.65,9.82,0.11,5.25,60.94,3.19,0,3.49,0.35,1.19,2.6,Y,Y,N,Y,1,0,0,0,1,2
Oberoi Realty,76.68,70602.46,13.49,16.6,13.64,11.81,11.38,10.63,30.4,26.94,28.52,28.35,28.28,29.87,11.73,22.06,18.87,33.62,17.17,23.53,17.92,1.77,4,4.77,13.86,7,39.09,44.8,0.41,7.55,67.7,1.94,0,8,1.37,0.14,15.26,Y,Y,N,N,N,0,0,0,1,1
Phoenix Mills,64.14,53001.44,12.13,11.09,9.68,8.37,8.75,8.31,50.14,51.71,53.73,49.27,47.85,56.34,14.98,11.82,10.67,175.25,19.65,27.39,22.06,2.14,2,5.31,12.88,6,33.03,35.09,0.17,8.13,47.27,4.07,0,5.51,0.98,0.47,5.07,N,Y,N,N,N,0,0,0,1,1
Oracle Fin.Serv.,176.87,94447.61,28.98,24.81,26.99,26.59,27.23,26.59,37.85,18.41,17.61,19.11,22.26,8.54,5.15,5.34,5.47,7.75,9.65,8.59,4.72,3.83,5,13.37,13.73,6,34.83,31.7,2.2,93.74,72.69,9.67,0,20.41,5.74,0,95.07,Y,Y,Y,Y,0,0,1,0,1,2
PB Fintech.,145.27,74790.63,1.13,-8.95,-8.46,-10.44,,,730.52,843.42,843.42,843.42,843.42,57.1,47.51,,,26,14.87,,,43.61,3,12.6,19.77,7,1.87,-19.08,0,0,0,31.44,0,20.32,7.29,0.04,5.46,N,Y,N,Y,0,0,0,0,1,1
Coforge,54.52,51619.98,24.09,25.13,24.82,23,22.1,20.74,65.48,41.8,37.62,32.18,22.8,25.33,20.08,18.47,14.82,19.03,14.59,17.12,13.31,4.48,4,8.63,5.09,5,9.1,9.79,0.98,58.13,0,9.75,0,8.9,1.44,0.18,9.08,Y,Y,N,N,0,0,0,0,1,1
TCS,21.09,1468057.1,51.51,46.92,47.4,43.77,40.73,39.78,30.49,30.71,30.87,29.05,26.13,13.63,10.46,10.74,11.4,12.67,9,9.86,10.24,3.71,2,14.46,5.9,7,19.42,18.75,1.36,57.56,71.77,4.66,0.28,18.94,2.62,0.09,83.05,N,Y,N,Y,0,1,0,0,1,2
Infosys,34.9,773150.5,31.83,31.82,30.9,29.19,27.72,26.69,28.69,27.58,27.4,24.14,21.13,15.22,13.2,12.24,11.85,11.45,12.38,10.65,10.4,2.55,3,8.55,4.92,6,16.95,16.35,2.04,72.63,14.43,14.01,0,12.03,2.19,0.1,82.79,Y,Y,N,Y,0,0,0,0,1,1
HCL Technologies,46,502665.75,23.3,23,22.79,22.36,22.94,23.95,29.87,22.41,21.06,19.54,16.89,13.4,12.71,12.71,15.69,12.31,9.27,9.69,14.8,3.22,3,7.3,4.41,7,14.18,14.43,2.81,89.91,60.81,4.53,0,11.4,2.73,0.08,36.6,Y,Y,Y,N,0,1,0,0,1,2
Wipro,42.13,284305.09,14.31,15.86,16.59,17.25,17.11,17.87,24.22,20.58,20.48,19.26,17.92,13.17,8.75,7.12,7.53,1.89,6.91,6.86,5.76,6.24,5,3.49,3.21,8,12.21,12.55,0.18,4.73,72.8,11.1,0,6.25,2.69,0.24,12.82,Y,Y,N,N,0,0,0,0,1,1
LTIMindtree,14.16,174843.29,25.03,28.55,29.05,29.25,29.76,30.64,37.57,33.49,33.04,27.58,26.03,42.13,30.33,27.45,21.85,11.77,12.11,15.61,-6.68,1.52,3,8.3,4.79,3,12.91,13.29,1.1,41.99,68.6,9.09,0,13.36,3.47,0.11,23.86,Y,Y,N,N,1,0,0,0,1,2
Tech Mahindra,53.18,167928.81,8.63,17.62,15.82,16.8,17.82,18.49,51.31,27.3,23.27,19.85,19.03,11.16,8.4,8.62,10.71,-18.73,-11.12,-2.48,-2.61,-4.56,4,6.35,3.21,6,4.61,9.11,2.33,149.73,35.03,10.23,0,9.06,1.85,0.08,14.5,Y,Y,Y,N,1,0,0,0,1,2
Persistent Sys,86.43,88380.98,23.99,25.32,23.74,21.14,19.84,19.56,71.69,47.33,40.13,34.64,20.75,32.86,23.88,19.16,19.39,35.6,27.89,20.42,16.29,2.66,5,15.76,8.24,6,10.9,11.12,0.46,36.63,30.66,16.96,0,20.37,1.95,0.1,30.89,Y,Y,N,N,0,0,0,0,1,1
Mphasis,43.83,57544.15,18.44,21.86,20.37,20.41,19.61,17.64,36.09,28.77,26.53,24.36,20.82,10.95,11.43,11.82,17.74,7.86,7.25,11.52,18.71,4.77,3,6.64,4.2,4,11.62,11.78,1.81,66.86,40.32,4.54,0,9.56,1.64,0.21,11.99,Y,Y,N,N,0,0,0,0,1,1
L&T Technology,23.8,54723.2,25.79,27.32,25.91,26.04,26.78,29.32,43.57,40.72,39.04,35.48,31.08,20.47,12.99,15.78,52.67,21.62,10.89,14.32,68.66,3.87,3,10.3,6.03,5,13.75,14.14,0.97,42.11,73.69,8.24,0,14.04,2.64,0.12,36.03,Y,Y,N,N,0,0,0,0,1,1
ITC,11.19,603241.49,28.43,29.09,27.51,25.74,24.94,25.18,29.36,25.86,21.8,25.18,27.52,12.89,7.95,7.48,7.22,15.11,9.64,9.99,8.45,2.92,6,8.01,8.03,5,29.23,27.39,2.85,83.91,0,14.83,0,13.53,1.86,0,508.5,Y,Y,N,Y,0,0,1,0,1,2
Pidilite Inds.,37.21,161685.69,22.82,18.7,20.7,21.9,22.65,23.63,82.41,92.53,90.49,85.96,64.44,19.3,11.84,11.96,11.2,16.26,13.65,11.07,14.97,6.02,5,18.55,12.77,6,14.54,10.92,0.5,47.06,69.6,9.55,0,23.26,1.53,0.04,54.89,N,Y,N,Y,0,0,0,0,1,1
Solar Industries,99.8,94696.49,30.9,34.79,30.76,27.53,26.58,25.66,102.38,62.49,53.22,47.99,42.9,34.12,19.78,21.2,18.92,49.07,28.18,25.82,22.03,3.63,4,28.65,15.57,7,15.77,12.19,0.08,9.2,73.14,6.64,0.55,30.24,1.06,0.34,12.56,Y,Y,N,Y,0,1,1,0,1,3
SRF,1.46,65417.99,12.22,22.84,19.16,19.7,19,18.55,57.93,38.73,34.77,31.02,24.66,16.08,13.1,15.4,12.58,3.58,15.02,14.02,23.1,3.68,2,5.45,4.84,4,10.14,14.51,0.33,16.03,50.26,13.66,0,6.87,0.57,0.44,5.08,Y,Y,N,N,0,0,0,0,1,1
Linde India,28.15,65167.56,12.88,18.18,14.51,12.1,10.26,8.16,148.2,97.95,80.95,92.07,108.8,23.46,4.79,6.13,6.84,41.72,66.19,125.56,23.23,2.24,3,18.98,24.13,6,15.23,16.83,0.05,24,75,15.7,0,24.02,1.79,0.01,71.41,Y,Y,N,N,0,0,0,0,1,1
UltraTech Cem.,33.92,317428.84,12.19,9.63,12.23,12.94,12.11,11.99,48.28,38.75,33.55,36.71,36.92,16.6,11.33,15.81,13.09,8.08,22.64,13.93,12.59,2.02,2,5.17,4.48,8,9.85,7.99,0.64,28.85,59.99,7.75,0,6.52,0.52,0.28,8.91,Y,Y,Y,Y,0,0,0,0,1,1
Ambuja Cements,32.46,136136.83,10.34,10.71,10.89,10.48,10.11,9.89,42.81,36.74,27.71,26.03,26.96,10.59,4.95,7.42,13.73,7.59,6.28,18.02,7.16,5.06,2,3.14,4.16,7,13.5,8.38,0.36,12.29,67.57,6.64,0,5.17,1.69,0.02,19.08,Y,Y,N,Y,0,0,0,0,1,1
Shree Cement,-2.19,90046,12.24,6.98,11.06,12.28,12.63,13.58,42.84,42.78,48.97,46.76,48.37,14.81,10.33,13.24,14.24,1.92,15.1,8.31,9.8,2.69,1,4.35,4.38,8,11.73,7.06,0.42,15.81,62.55,12.6,0,7.33,0.55,0.08,11.68,Y,Y,Y,Y,0,0,0,0,1,1
Bharat Forge,36.6,65191.72,12.7,6.88,11.56,9.46,11.83,13.45,67.5,63.04,61.69,48.52,43.19,35.27,9.1,13.67,8.87,58.62,-2.85,5.33,7.34,-23.68,3,9.09,4.1,8,5.62,3.54,0.64,12.24,45.25,9.55,0,7.48,0.62,1.11,4.12,Y,Y,N,Y,0,0,0,0,1,1
Polycab India,29.71,97084.55,23.17,19.95,20.51,20.7,20.27,18.99,54.1,44.21,38.65,37.45,37.45,27.07,17.7,18.49,16.3,25.15,26.49,31.87,24.63,1.93,5,11.3,4.82,6,9.62,8.7,0.46,25.26,63.06,14.11,0,14.74,1.18,0.02,17.72,Y,Y,Y,Y,0,0,1,1,1,3
United Spirits,44.84,107662.47,20.98,17.53,19.65,17.68,18.93,14.59,74.89,62.56,67.62,71.61,75.14,11.66,3.92,3.63,0.75,51.72,15.71,24.84,8.72,4.76,3,14.11,9.45,8,12.16,9.04,0.61,46.34,56.67,14.04,1.18,17.25,1.53,0.07,21.73,Y,Y,Y,Y,0,1,0,1,1,3
United Breweries,23.09,52446.38,10.06,8.27,9.35,8.81,10.79,11.19,111.05,119.64,122.3,118.75,98.4,24.17,4.64,8.03,6.74,51.64,-6.15,8.63,6.13,-18.06,3,12.41,6.13,7,5.05,4.36,0.5,64.48,70.84,5.13,12.4,14.52,1.03,0.03,85.22,N,Y,Y,Y,0,0,0,0,1,1
Schaeffler India,20.44,56336.53,20.01,21.88,20.21,17.23,17.57,17.22,59.35,52.65,51.04,46.78,39.63,24.31,9.64,22.02,17.92,46.27,15.3,13.76,14.77,3.88,4,11.52,7.18,5,12.6,12.65,0.72,44.7,74.13,5.55,0,16.91,1.53,0.01,330.71,Y,Y,Y,N,0,0,0,1,1,2
St Bk of India,39.17,696968.2,17.34,16.75,15.66,13,9.91,8.99,9.56,10.49,11.59,11.87,12.35,16.45,11.63,9.65,8.79,44.11,98.73,112.92,14.73,0.1,7,1.68,1.53,8,15.84,16.47,1.75,18.23,57.51,7.67,0,0.59,2.56,13.51,1.36,N,Y,N,N,1,0,0,1,1,3
Bank of Baroda,21.68,123864.47,16.69,15.12,13.93,9.87,7.96,6.56,6.19,7.27,8.5,10.81,9.6,16.79,17.48,15.01,11.33,144.18,54.63,25.15,4.53,0.08,7,1.03,1,6,15.93,15.86,3.17,20.97,63.97,9.56,0,0.55,1.8,12.14,1.37,N,Y,N,Y,1,0,0,1,1,3
Punjab Natl.Bank,30.85,110010.45,8.54,3.34,5.4,4.44,-0.46,-0.2,9.37,15.14,16.38,16.75,15.06,10,15.9,12.42,9.27,49.85,19.11,5.85,-8.44,0.39,8,0.95,0.98,6,8.39,3.87,1.57,18.14,70.08,9.89,0,0.56,4.88,13.15,1.24,N,Y,N,Y,0,0,0,1,1,2
I O B,22.04,94927.91,9.98,8.69,9.14,-1.2,-8.63,-10.19,32.28,28.35,31.64,31.64,32.05,12.33,6.41,2.88,0.59,40.62,18.48,11.19,-11.68,1.47,5,3.4,3.62,5,11.04,10.81,0,0,96.38,2.29,0,0.9,4.53,11.32,1.25,Y,Y,N,Y,1,0,1,1,1,4
Canara Bank,23.74,85481.82,17.94,14.79,14.35,10.51,7.7,6.5,5.48,5.98,6.48,7.03,6.89,16.3,18.18,15.04,10.82,69.15,60,20.57,4.97,0.06,7,0.93,0.75,7,13.92,12.85,3.42,19.12,62.93,14.17,0,0.54,2.58,14.87,1.27,N,Y,N,Y,0,0,0,1,1,2
Union Bank (I),8.35,82626.15,15.64,11.38,11.95,8.79,5.31,5.36,5.38,6.46,6.74,7.06,6.96,13.14,23.95,17.32,13.07,59.7,25.31,12.44,-3.78,0.12,7,0.85,0.78,7,13.74,10.49,3.33,19.92,74.76,7.12,0,0.58,3.24,12.82,1.33,N,Y,N,Y,0,0,0,1,1,2
Indian Bank,20.19,67146.15,15.35,11.8,12.56,11.26,10.19,9.63,7.35,7.33,6.82,7.85,7.82,12.48,23.74,19.45,13.82,30.88,51.07,10.92,9.32,0.09,8,1.11,1.16,5,15.14,12.39,2.41,19.2,73.84,3.82,0,0.55,2.18,11.8,1.35,Y,Y,N,Y,1,0,1,1,1,4
UCO Bank,12.64,51446.49,6.22,7.55,5.98,1.83,-4.66,-5.65,23.57,22.63,27.17,27.17,20.57,14.8,8.81,4.25,1.83,172.63,16.79,11.31,-21.15,1.24,6,1.88,2.19,5,7.57,10.55,0.65,20.24,95.39,3.25,0,0.74,4.78,10.54,1.23,Y,N,N,N,1,0,0,1,1,3
HDFC Bank,18.67,1330349.89,17.14,17.11,16.99,16.85,16.96,17.2,19.23,19.55,20.67,23.89,25.29,30.19,21.95,21.33,20.89,13.4,15.48,16,16.53,0.82,3,2.9,4.13,5,23.02,26.99,1.12,23.12,0,16.75,0,1.06,2.5,6.81,1.48,N,Y,N,N,1,0,0,1,1,3
ICICI Bank,37.55,884876.03,18.8,17.15,17.13,15.23,13.24,13.01,19.53,19.29,21.88,22.42,19.39,21.4,17.25,14.74,12.42,33.32,57.02,21.73,13.84,0.33,5,3.44,5.3,6,28.88,29.26,0.8,15.87,0,9.34,0,1.07,1.57,6.45,1.81,Y,Y,N,N,1,0,0,1,1,3
Axis Bank,18.61,367942.07,18.4,8.73,13.57,10.97,9.73,10.41,13.17,14.18,17.74,30.37,20.27,20.53,15.01,13.96,13.88,53.79,34.19,26.49,12.26,0.34,6,2.34,3.02,4,23.5,12.49,0.08,1.17,8.29,6.71,0,0.93,2.68,8.25,1.54,N,Y,N,Y,1,0,0,1,1,3
Kotak Mah. Bank,3.89,351676.42,15.06,14.31,14.32,14.06,13.97,13.91,18.29,24.71,28.41,33.71,35.83,19.66,13.52,14.11,16.72,22.14,19.45,19.2,19.07,0.9,5,2.71,5.68,5,32.38,35.39,0.11,2.18,25.89,12.84,0,1.34,1.97,4,1.96,N,Y,N,N,1,0,0,1,1,3
IDBI Bank,31.62,88879.36,11.77,8.34,8.98,0.32,-8.83,-9.11,13.13,16.55,17.42,17.42,15.91,9.84,3.65,-0.71,-0.06,55.84,17.89,12.06,-2.95,0.69,7,1.74,3.21,5,21.77,18.11,1.81,27.87,94.71,4.64,0,0.94,2.23,5.77,1.68,N,Y,N,Y,1,0,0,1,1,3
IndusInd Bank,-27.73,81139.92,15.25,14.45,13.48,12.53,12.88,13.32,9.99,13.97,14.78,18.21,23.7,16.41,15.5,17.95,18.68,46.39,15.99,13.33,15.68,0.45,7,1.29,1.66,5,19.57,20.33,1.58,14.35,15.78,14.56,45.48,0.86,3.12,6.89,1.39,N,Y,N,N,1,0,0,1,1,3
Yes Bank,21.5,60750.26,3.18,1.99,2.79,-10.37,-5.12,-1.19,41.77,50.78,50.61,32.77,21.08,11.27,-1.4,7.7,10.71,32.41,-42.92,-39.24,-25.88,-7.57,4,1.35,2.1,7,4.66,3.22,0,0,0,34.78,0,0.81,4.42,8.41,1.09,N,Y,N,Y,1,0,0,1,1,3
Bajaj Auto,89.93,285013.11,26.48,20.5,22.01,21.81,21.78,23.07,38.67,21.09,20.11,19.58,19.87,17.38,8.13,10.9,8.34,18.15,11.47,10.1,9.12,3.62,5,9.2,5.83,7,17.21,16.65,0.78,28.97,55.04,21.89,0.01,12.9,1.36,0.17,62.84,Y,Y,N,Y,0,1,1,0,1,3
Maruti Suzuki,8.92,361652.56,16.84,12.54,12.29,10.79,11.67,12.54,24.59,35.02,38.11,36.28,39.93,26.32,10.51,11.06,12.28,42.99,16.78,11.87,17.8,1.39,5,4.22,2.49,8,9.51,6.88,1.09,29.14,58.19,3.31,0,7.79,0.52,0,93.91,N,Y,Y,Y,1,0,0,0,1,2
M & M,80.09,338345.54,18.39,18.11,17.11,11.8,12.63,12.52,30.64,20.67,22.38,20.89,23.91,23.25,5.84,7.51,6.51,80,16.79,18.46,9.58,1.82,3,5.11,2.38,6,8.82,8.55,0.78,20.87,18.54,9.44,0.06,3.88,0.87,1.64,3.05,Y,Y,N,Y,1,0,0,0,1,2
Hyundai Motor I,,149812.27,39.42,25.54,27.4,,,,24.74,,,,,19.45,,,,,,,,,4,,2.15,6,8.67,7.81,0,177.93,82.5,4.37,0,14.19,1.16,0.07,53.08,N,N,Y,Y,0,0,0,1,0,1
Eicher Motors,35.25,125837.72,24.23,21.12,20.3,18.84,20.79,22.56,30.08,33.67,36.76,34.36,41.72,23.77,11.04,12.99,9.28,43.64,12.6,13.22,26.4,2.37,5,6.97,7.43,7,24.2,20.18,1.11,34.9,49.1,9.52,0,11.35,0.71,0.02,104.02,N,Y,N,Y,0,1,0,0,1,2
TVS Motor Co.,53.9,116390,26.55,25.85,24.11,22.36,23,23.25,61.68,47.42,47.21,44.78,47.59,26.32,14.19,17.76,16.66,39.42,18.25,18.03,24.96,3.38,5,15,2.78,7,4.4,4,0.33,22.54,50.27,8.33,0,6.09,0.95,1.88,2.5,Y,Y,N,Y,0,1,1,0,1,3
Hero Motocorp,59.8,99456.11,21.95,16.73,17.8,18.72,21.18,24.18,24.47,21.25,20.71,20.01,21.34,6.87,2.15,4.05,4.1,10.49,2.37,1.25,7.09,10.24,7,5.62,2.54,7,9.98,7.96,2.31,74.73,34.75,8.72,0,9.21,0.6,0.03,75.33,Y,Y,N,Y,0,1,1,0,1,3
Tata Motors,34.83,318148.12,49.44,5.25,14.63,5.84,5.24,8.92,9.37,16.62,18.25,16.48,14.38,20.58,7.72,7.17,6.52,128,88.17,22.84,6.69,0.1,5,3.38,0.72,8,7.45,0.76,0.35,7.32,42.58,20.49,0,3.33,0.61,1.26,4.4,N,N,Y,Y,1,1,0,0,1,3
Ashok Leyland,27.27,62839.54,28.35,15.05,15.68,10.07,14.17,13.05,25.16,30.87,28.9,24,24.78,33.02,6.64,10.43,14.46,205.5,4.04,6.63,20.34,6.23,5,6.98,1.34,5,5.9,3.14,2.31,58.52,51.41,11.66,27.23,3.01,0.9,4.53,2.32,N,Y,N,Y,0,0,0,0,1,1
Samvardh. Mothe.,105.05,133457.41,11.8,7.16,8.51,8.83,10.33,12.36,41.91,47.79,44.41,36.26,33.34,19.82,9.21,12.84,12.49,23.35,4.5,3.59,9.49,3.42,5,4.91,1.27,6,3.23,2.18,0.42,19.96,58.13,8.55,2.42,4.57,0.74,0.76,3.31,N,Y,N,Y,0,0,0,0,1,1
Bosch,82,105976.4,15.97,13.15,13.74,12.77,13.64,14.72,55.6,39.37,39.6,39.17,40.32,19.84,6.72,6.97,6.69,23.68,2.9,1.29,8.89,19.17,3,8.79,6.28,8,11.02,9.56,1.04,44.42,70.54,7.5,0,12.46,1.42,0,107.88,Y,Y,Y,Y,0,0,0,1,1,2
Uno Minda,60.03,53592.45,18.89,17.08,16.56,14.81,15.69,16.13,60.35,56.7,56.13,50.18,43.65,30.09,18.89,22.52,23.45,58.58,23.36,23.97,65.54,2.44,3,10.84,3.63,7,6.44,6.18,0.21,13.04,68.75,6.3,0,11.53,0.78,0.35,10.82,Y,Y,N,Y,0,0,0,0,1,1
Hindalco Inds.,48.8,152529.82,10.15,11.67,12.99,10.87,10.55,8.86,13.91,10.96,11.96,11.42,12.95,17.83,10.59,11.6,9.43,39.69,14.46,26.97,15.59,0.96,5,1.44,0.69,5,4.72,4.52,0.52,7.65,34.64,11.78,0,3.08,0.64,0.53,5.25,Y,Y,Y,Y,1,0,1,0,1,3
Voltas,110.19,58065.31,4.4,4.42,6.09,8.22,9.63,10.81,128.2,84.63,69.25,62.12,37.94,18.21,11.87,10.94,9.01,-22.07,-13.61,-9.96,0.75,-9.42,3,9.98,4.14,6,1.99,2.57,0.31,72.2,30.3,14.16,0,10.01,0.88,0.13,14.23,Y,Y,N,N,0,0,0,0,1,1
